{"cameraMode":{"drawMode":0,"name":"Shaded","section":"Shading Mode"},"sceneLighting":true,"audioPlay":false,"sceneViewState":{"m_AlwaysRefresh":false,"showFog":true,"showSkybox":true,"showFlares":true,"showImageEffects":true,"showParticleSystems":true,"showVisualEffectGraphs":true,"m_FxEnabled":true},"in2DMode":false,"pivot":{"x":-3.4495534896850588,"y":4.265678405761719,"z":0.7331297397613525},"rotation":{"x":-0.010169166140258313,"y":-0.06445895880460739,"z":-0.0006576921441592276,"w":0.997882604598999},"size":12.375872611999512,"orthographic":false}