{"cameraMode":{"drawMode":0,"name":"Shaded","section":"Shading Mode"},"sceneLighting":true,"audioPlay":false,"sceneViewState":{"m_AlwaysRefresh":false,"showFog":true,"showSkybox":true,"showFlares":true,"showImageEffects":true,"showParticleSystems":true,"showVisualEffectGraphs":true,"m_FxEnabled":true},"in2DMode":false,"pivot":{"x":-7.974655628204346,"y":2.9877371788024904,"z":-3.080805778503418},"rotation":{"x":0.1689510941505432,"y":-0.023660922423005105,"z":0.00404712138697505,"w":0.9853605628013611},"size":28.037723541259767,"orthographic":false}